id,name,y_pos,x_pos,address
EVD_000001,두드림,36.363494,127.337294,대전광역시 유성구 유성구 장대동 336-3
EVD_000002,두드림존,36.363431,127.337504,대전 유성구 장대동 338
EVS_000001,제주공항점,33.517526,126.499067,제주특별자치도 제주시 용담삼동 1218-2
EVS_000002,애월점,33.48467,126.39364,제주특별자치도 제주시 애월읍 하귀2리 2687
EVS_000003,성산점,33.469735,126.922293,제주특별자치도 서귀포시 성산읍 오조리 3
EVS_000004,서귀포점,33.244243,126.535568,제주특별자치도 서귀포시 호근동 479-3
EVS_000005,북촌점,33.551103,126.695998,제주특별자치도 제주시 조천읍 북촌리 450-1
EVS_000006,월령점,33.379425,126.216389,제주특별자치도 제주시 한림읍 월령리 330-1
EVS_000007,세미양 빌딩존,33.442355,126.57145,제주특별자치도 제주시 첨단로 330 
EVS_000008,세화점,33.524126,126.860128,제주특별자치도 제주시 구좌읍 세화리 1477-17
EVS_000009,곽지점,33.450909,126.307854,제주특별자치도 제주시 애월읍 곽지리 1624
EVS_000010,이호해변점,33.495746,126.457603,제주특별자치도 제주시 이호일동 753-7
EVS_000011,이호현사점,33.497414,126.449074,제주특별자치도 제주시 이호일동 1790
EVS_000012,월정점,33.545183,126.827995,제주특별자치도 제주시 구좌읍 한동리 1638
EVS_000013,제주공항존,33.517527,126.499164,제주특별자치도 제주시 용담삼동 1221
EVS_000014,이호해변존,33.495761,126.45769,제주특별자치도 제주시 이호일동 753-7
EVS_000015,서귀포올레점_대여반납존,33.246153,126.560062,제주특별자치도 서귀포시 태평로 363 헤이서귀포 호텔
EVS_000018,이스트소프트,33.445968,126.570919,제주특별자치도 제주시 첨단로 300 
EVS_000019,이브이패스,33.442355,126.57145,제주특별자치도 제주시 첨단로 330 
EVS_000020,제주대학교점,33.454759,126.562255,제주특별자치도 제주시 제주대학로 102 
EVS_000022,제주대학교 정문,33.460119,126.561133,제주특별자치도 제주시 제주대학로 102 정문
EVS_000023,제주대학교 후문,33.450366,126.558464,제주특별자치도 제주시 제주대학로 102 후문
EVS_000024,제주대학교 학생회관,33.455188,126.560982,제주특별자치도 제주시 제주대학로 102 학생회관
EVS_000025,제주대학교 교양강의동,33.455797,126.564726,제주특별자치도 제주시 제주대학로 102 교양강의동
EVS_000026,제주벤처마루,33.50033,126.530047,제주특별자치도 제주시 중앙로 217 제주벤처마루
EVS_000027,테스트,33.513212,126.511267,제주특별자치도 제주시 용담로7길 10-14 
EVS_000028,제주대학교 후문.,33.450396,126.558467,제주특별자치도 제주시 제주대학로 102 
EVS_000029,두드림 트럭,36.363512,127.337288,대전광역시 유성구 유성대로 801 두드림 트럭
EVS_000030,제주벤처마루.,33.50033,126.530047,제주특별자치도 제주시 중앙로 217 
EVS_000031,토산점,33.305031,126.791897,제주특별자치도 서귀포시 표선면 일주동로 6347-17 
EVS_000032,이스트소프트존,33.445968,126.570919,제주특별자치도 제주시 첨단로 300 이스트소프트
EVS_000033,EV 트럭,33.442567,126.572065,제주특별자치도 제주시 첨단로 330 
EVS_000034,제주관광공사,33.4857,126.4991,제주특별자치도 제주시 선덕로 23 
EVS_000035,이호테우해수욕장,33.497389,126.453773,제주특별자치도 제주시 이호일동 1665-7
EVS_000036,알작지해변,33.494447,126.436804,제주특별자치도 제주시 테우해안로 1 
EVS_000037,제주대학교 정문_대여반납존,33.460076,126.56175,제주특별자치도 제주시 아라이동 35-2
EVS_000038,제주대자연과학관,33.458246,126.560423,제주특별자치도 제주시 제주대학로 102 
EVS_000039,창업보육센터2호관,33.458041,126.563682,제주특별자치도 제주시 제주대학로 102 
EVS_000040,제2도서관,33.457352,126.560368,제주특별자치도 제주시 제주대학로 102 
EVS_000041,대운동장,33.456333,126.559118,제주특별자치도 제주시 제주대학로 102 
EVS_000042,학생회관,33.455102,126.561167,제주특별자치도 제주시 제주대학로 102 
EVS_000043,아라뮤즈홀,33.453979,126.55985,제주특별자치도 제주시 제주대학로 102 
EVS_000044,생활관5호관,33.452788,126.556463,제주특별자치도 제주시 제주대학로 102 
EVS_000045,제주어센터,33.453079,126.558131,제주특별자치도 제주시 제주대학로 102 
EVS_000046,효담교수회관,33.452722,126.560459,제주특별자치도 제주시 제주대학로 102 
EVS_000047,수의과대학,33.451555,126.558455,제주특별자치도 제주시 제주대학로 102 
EVS_000048,학생생활관3호관,33.451699,126.556897,제주특별자치도 제주시 제주대학로 102 
EVS_000049,학생생활관1호관,33.450584,126.557267,제주특별자치도 제주시 제주대학로 102 
EVS_000050,의과대학해부학실습실,33.45133,126.559907,제주특별자치도 제주시 제주대학로 102 
EVS_000051,골프아카데미,33.452239,126.562483,제주특별자치도 제주시 제주대학로 102 
EVS_000052,미술관,33.4531,126.562171,제주특별자치도 제주시 제주대학로 102 
EVS_000053,경상대학1호관,33.45399,126.561742,제주특별자치도 제주시 제주대학로 102 
EVS_000054,경상대학2호관,33.453703,126.563301,제주특별자치도 제주시 제주대학로 102 
EVS_000055,의과대학,33.452676,126.56359,제주특별자치도 제주시 제주대학로 102 
EVS_000056,바이오융합센터2호관,33.451921,126.566668,제주특별자치도 제주시 제주대학로 102 
EVS_000057,제2운동장,33.454107,126.567229,제주특별자치도 제주시 제주대학로 102 
EVS_000058,해양과학대학4호관,33.455215,126.566024,제주특별자치도 제주시 제주대학로 102 
EVS_000059,나노재료및시스템연구실,33.454417,126.564938,제주특별자치도 제주시 제주대학로 102 
EVS_000060,사범대학1호관,33.454824,126.563371,제주특별자치도 제주시 제주대학로 102 
EVS_000061,구라도서관,33.454855,126.562288,제주특별자치도 제주시 제주대학로 102 
EVS_000062,본관,33.456194,126.56247,제주특별자치도 제주시 제주대학로 102 
EVS_000063,간호대학,33.455845,126.564462,제주특별자치도 제주시 제주대학로 102 
EVS_000064,앱창작터,33.456159,126.566065,제주특별자치도 제주시 제주대학로 102 
EVS_000065,공과대학1호관,33.456757,126.565214,제주특별자치도 제주시 제주대학로 102 
EVS_000066,해양과학대학,33.457176,126.563617,제주특별자치도 제주시 제주대학로 102 
EVS_000067,스마트그리드연구센터,33.457688,126.565828,제주특별자치도 제주시 제주대학로 102 
EVS_000068,자연과학대학1호관,33.458191,126.564522,제주특별자치도 제주시 제주대학로 102 
EVS_000069,생명과학기술혁신센터,33.458725,126.565395,제주특별자치도 제주시 제주대학로 102 
EVS_000070,창업보육센터,33.45845,126.563482,제주특별자치도 제주시 제주대학로 102 
EVS_000071,농생명인재사업단,33.458102,126.562126,제주특별자치도 제주시 제주대학로 102 
EVS_000072,산천단동2길,33.449917,126.558317,제주특별자치도 제주시 산천단동3길 25 
EVS_000073,산천단동길,33.447665,126.556202,제주특별자치도 제주시 산천단동길 4 
EVS_000074,한국폴리텍대학제주캠퍼스,33.447555,126.561286,제주특별자치도 제주시 산천단동길 4 
EVS_000075,산천단동길산들,33.448043,126.558735,제주특별자치도 제주시 산천단동길 4 
EVS_000076,제주대학사거리,33.456113,126.551506,제주특별자치도 제주시 제주대학로 102 
EVS_000077,제주대학로,33.460422,126.562454,제주특별자치도 제주시 제주대학로 117 
EVS_000078,두드림2,36.35157,127.374023,대전광역시 서구 갈마역로 14 203호
EVS_000079,두드림존2,36.351515,127.373883,대전광역시 서구 갈마역로 14
EVS_000080,제주대학교,33.454759,126.562255,제주특별자치도 제주시 제주대학로 102 
EVS_000081,두드림존3,36.357675,127.348997,대전광역시 유성구 온천북로33번길 22-33 
EVS_000082,애조로점,33.460977,126.51201,제주특별자치도 제주시 애조로 1230 1층
EVS_000083,제주본점존,33.460977,126.51201,제주특별자치도 제주시 애조로 1230 이브이패스
EVS_000084,제주본점 주차장_대여반납존,33.460973,126.512151,제주특별자치도 제주시 오라이동 190-5
EVS_000085,제주본점,33.460929,126.51189,제주특별자치도 제주시 애조로 1230 이브이패스 1층
EVS_000086,곽지주차장,33.449062,126.303758,제주특별자치도 제주시 애월읍 곽지리 1565
EVS_000087,목마등대,33.503447,126.45441,제주특별자치도 제주시 서해안로 58 
EVS_000088,이브이트럭1,33.389421,126.25104,제주특별자치도 제주시 한림읍 협재리 1086-1
EVS_000089,이브이트럭2,33.255238,126.513013,제주특별자치도 서귀포시 서호동 1461-14
EVS_000090,이브이트럭3,33.497339,126.453772,제주특별자치도 제주시 이호일동 1665-7
EVS_000091,테스트존,33.454005,126.306414,제주특별자치도 제주시 애월읍 곽지리 1565-38
EVS_000092,이브이트럭1-1,33.416409,126.91049,제주특별자치도 서귀포시 성산읍 온평리 76-1
EVS_000093,이브이트럭2-1,33.528701,126.873327,제주특별자치도 제주시 구좌읍 하도리 2989
EVS_000094,이브이트럭3-1,33.466761,126.351643,제주특별자치도 제주시 애월읍 하가리 1200-2
EVS_000095,제주도청 자전거거치대(흡연실 뒷편)_대여반납존,33.488933,126.497941,제주특별자치도 제주시 문연로 6
EVS_000096,파크선샤인호텔 입구_대여반납존,33.243551,126.553551,제주특별자치도 서귀포시 남성중로 135
EVS_000097,신엄 고내리포구_대여반납존,33.473066,126.350171,제주특별자치도 제주시 애월읍 고내리 337-2
EVS_000098,올레 7코스(아뜰리에안 앞 교차로)_대여반납존,33.231292,126.505527,제주특별자치도 서귀포시 법환동 1654
EVS_000099,스타벅스 제주중문점_대여반납존,33.250776,126.412596,제주특별자치도 서귀포시 색달동 2864-4
EVS_000100,제주국제컨벤션센터 버스정류장_대여반납존,33.242739,126.424925,제주특별자치도 서귀포시 중문동 2502
EVS_000101,소인국테마파크_대여반납존,33.290073,126.323337,제주특별자치도 서귀포시 안덕면 서광리 725
EVS_000102,제주이브이샵 스마트모빌리티연구소_대여반납존,33.517659,126.499045,제주특별자치도 제주시 어영길 60
EVS_000103,천지연폭포 공중화장실(주차장)_대여반납존,33.243851,126.559979,제주특별자치도 서귀포시 서홍동 680
EVS_000104,서귀포 매일올레시장 입구 교차로_대여반납존,33.247982,126.564185,제주특별자치도 서귀포시 서귀동 406-11
EVS_000105,색달해변 입구_대여반납존,33.244588,126.414673,제주특별자치도 서귀포시 색달동 2950-4
EVS_000106,법환포구_대여반납존,33.235827,126.515052,제주특별자치도 서귀포시 막숙포로 61
EVS_000107,올레 6코스(구두미 포구 입구)_대여반납존,33.236701,126.597101,제주특별자치도 서귀포시 보목동 1352
EVS_000108,정방폭포 화장실_대여반납존,33.244767,126.573818,제주특별자치도 서귀포시 동홍동 273
EVS_000109,맥도날드 제주중문DT점_대여반납존,33.255066,126.413926,제주특별자치도 서귀포시 색달동 2558-5
EVS_000110,롯데마트 제주점 교차로_대여반납존,33.482409,126.481651,제주특별자치도 제주시 연북로 1
EVS_000111,롯데시네마 제주아라 교차로_대여반납존,33.48435,126.535757,제주특별자치도 제주시 아라일동 2574-4
EVS_000112,누웨마루_대여반납존,33.489714,126.490817,제주특별자치도 제주시 연동 272
EVS_000113,이호테우해변_대여반납존,33.497501,126.453499,제주특별자치도 제주시 이호일동 1665-7
EVS_000114,헤이서귀포 호텔_대여반납존,33.246101,126.560101,제주특별자치도 서귀포시 태평로 363 
EVS_000115,스타벅스 제주용담DT점_대여반납존,33.513369,126.484291,제주특별자치도 제주시 용담삼동 2580-55
EVS_000116,송악산 자전거거치대_대여반납존,33.206694,126.28945,제주특별자치도 서귀포시 대정읍 상모리 157-2
EVS_000117,더럭분교_대여반납존,33.452909,126.344903,제주특별자치도 제주시 애월읍 하가리 1589-4
EVS_000118,협재해변 주차장 입구_대여반납존,33.393161,126.239968,제주특별자치도 제주시 한림읍 협재리 2872
EVS_000119,금능해변 주차장 입구(공중화장실)_대여반납존,33.38948,126.235046,제주특별자치도 제주시 한림읍 금능리 2316
EVS_000120,애월포구_대여반납존,33.460977,126.51201,제주특별자치도 제주시 애조로 1230 
EVS_000121,사계리 해안체육공원 주차장_대여반납존,33.220303,126.294501,제주특별자치도 서귀포시 안덕면 사계리 3530-7
EVS_000122,사계리동동 버스정류장_대여반납존,33.234599,126.307711,제주특별자치도 서귀포시 안덕면 사계리 116-3
EVS_000123,수월봉 주차장_대여반납존,33.295151,126.163891,제주특별자치도 제주시 한경면 고산리 3696-1
EVS_000124,신창 풍차해안도로(싱계물공원 입구)_대여반납존,33.343061,126.174176,제주특별자치도 제주시 한경면 신창리 1322-7
EVS_000125,모슬포항 버스정류장_대여반납존,33.216401,126.252511,제주특별자치도 서귀포시 대정읍 하모리 770-28
EVS_000126,곽지해수욕장 주차장_대여반납존,33.449459,126.304688,제주특별자치도 제주시 애월읍 곽지리 2495
EVS_000127,구엄포구_대여반납존,33.483613,126.376753,제주특별자치도 제주시 애월읍 구엄리 1254-1
EVS_000128,영락돌고래_대여반납존,33.237971,126.229255,제주특별자치도 서귀포시 대정읍 일과리 1291-7
EVS_000129,예래포구_대여반납존,33.233501,126.375091,제주특별자치도 서귀포시 하예동 1681-2
EVS_000130,한라대학교 정문_대여반납존,33.476919,126.476999,제주특별자치도 제주시 노형동 3812-2
EVS_000131,누웨마루2_대여반납존,33.485937,126.490585,제주특별자치도 제주시 연동 273
EVS_000132,도두봉 버스정류장_대여반납존,33.508516,126.470291,제주특별자치도 제주시 도두일동 1727-1
EVS_000133,본점테스트,33.471732,126.842679,제주특별자치도 제주시 구좌읍 상도리 산 331
EVS_000134,대평포구_대여반납존,33.235454,126.363105,제주특별자치도 서귀포시 안덕면 창천리 843-7
EVS_000135,용두암_대여반납존,33.51569,126.510551,제주특별자치도 제주시 용담이동 495-2
EVS_000136,스타벅스 제주시청점_대여반납존,33.500371,126.529521,제주특별자치도 제주시 중앙로 215 
EVS_000137,이마트 신제주점 버스정류장_대여반납존,33.485085,126.480101,제주특별자치도 제주시 노형동 948
EVS_000138,탑동푸른쉼터 자전거거치대_대여반납존,33.516639,126.527111,제주특별자치도 제주시 건입동 1388-18
EVS_000139,스타벅스 제주칠성점(칠성로 입구)_대여반납존,33.513251,126.525351,제주특별자치도 제주시 관덕로 55 
EVS_000140,이마트 제주점_대여반납존,33.517888,126.520724,제주특별자치도 제주시 삼도이동 1264
EVS_000141,투썸플레이스휘스락호텔탑동광장_대여반납존,33.517811,126.527518,제주특별자치도 제주시 건입동 1444
EVS_000142,서귀포 시외버스터미널 교차로_대여반납존,33.249195,126.508011,제주특별자치도 서귀포시 일주동로 9209
EVS_000143,CGV 순천(시민로 입구)_대여반납존,34.951191,127.486081,전남 순천시 장천동 52-1
EVS_000144,순천대학교(정문)_대여반납존,34.968515,127.483695,전남 순천시 석현동 313
EVS_000145,순천역(KTX)_대여반납존,34.945359,127.502761,전남 순천시 조곡동 150
EVS_000146,조례호수공원 입구_대여반납존,34.967923,127.522533,전남 순천시 조례동 1867
EVS_000147,순천대학교(웅지관) 자전거거치대_대여반납존,34.966995,127.481685,전남 순천시 매곡동 492
EVS_000148,순천대학교(도서관 삼거리)_대여반납존,34.969299,127.480481,전남 순천시 석현동 313
EVS_000149,순천대학교(인문예술대학)_대여반납존,34.968594,127.477506,전남 순천시 석현동 325
EVS_000150,순천대학교(공과대학2호관)_대여반납존,34.969531,127.477498,전남 순천시 석현동 337
EVS_000151,이마트 순천점_대여반납존,34.941999,127.508191,전남 순천시 덕암동 169-3
EVS_000152,신한은행 제주지점 교차로_대여반납존,33.515484,126.524895,제주특별자치도 제주시 일도일동 1499
EVS_000153,산지천(제주동문시장)_대여반납존,33.513245,126.527276,제주특별자치도 제주시 일도일동 1498
EVS_000154,중엄리 새물_대여반납존,33.478301,126.369194,제주특별자치도 제주시 애월읍 신엄리 2719-3
EVS_000155,제주항 여객터미널_대여반납존,33.519031,126.535159,제주특별자치도 제주시 건입동 918-13
EVS_000156,화북포구(공중화장실 입구)_대여반납존,33.52516,126.564707,제주특별자치도 제주시 화북일동 4269-20
EVS_000157,삼양3동항 주차장 입구_대여반납존,33.527299,126.576321,제주특별자치도 제주시 삼양삼동 2621-10
EVS_000158,삼양해수욕장 입구 교차로_대여반납존,33.525554,126.587251,제주특별자치도 제주시 삼양일동 1676-1
EVS_000159,신촌4.3성터 주차장_대여반납존,33.537686,126.613199,제주특별자치도 제주시 조천읍 신촌리 3394-2
EVS_000160,신촌선착장 주차장(공중화장실)_대여반납존,33.537985,126.619692,제주특별자치도 제주시 조천읍 신촌리 2077-6
EVS_000161,조천항 주차장(공중화장실)_대여반납존,33.540951,126.635538,제주특별자치도 제주시 조천읍 조천리 2714-5
EVS_000162,조천 신흥해수욕장_대여반납존,33.549481,126.65169,제주특별자치도 제주시 조천읍 신흥로2길 37 
EVS_000163,함덕해수욕장_대여반납존,33.542654,126.669225,제주특별자치도 제주시 조천읍 함덕리 1004-34
EVS_000164,북촌포구_대여반납존,33.550516,126.694667,제주특별자치도 제주시 조천읍 북촌리 488-4
EVS_000165,김녕항_대여반납존,33.558682,126.736643,제주특별자치도 제주시 구좌읍 김녕리 4212-1
EVS_000166,김녕해수욕장_대여반납존,33.557101,126.759481,제주특별자치도 제주시 구좌읍 김녕리 497-4
EVS_000167,월정리해수욕장주차장_대여반납존,33.556065,126.79562,제주특별자치도 제주시 구좌읍 월정리 652-4
EVS_000168,세화오일시장_대여반납존,33.526085,126.858151,제주특별자치도 제주시 구좌읍 세화리 1500-2
EVS_000169,하도해수욕장 화장실_대여반납존,33.513551,126.89864,제주특별자치도 제주시 구좌읍 하도리 46-3
EVS_000170,종달항 우도도항선 대합실 입구_대여반납존,33.496721,126.910822,제주특별자치도 제주시 구좌읍 종달리 565-72
EVS_000171,성산포항 입구 버스정류장_대여반납존,33.471358,126.930685,제주특별자치도 서귀포시 성산읍 성산리 347-16
EVS_000172,성산일출봉자전거거치대_대여반납존,33.462568,126.936318,제주특별자치도 서귀포시 성산읍 성산리 102-1
EVS_000173,광치기해변_대여반납존,33.451633,126.923705,제주특별자치도 서귀포시 성산읍 고성리 224-33
EVS_000174,신양섭지해수욕장 주차장(공중화장실)_대여반납존,33.434791,126.923995,제주특별자치도 서귀포시 성산읍 고성리 186-2
EVS_000175,섭지코지_대여반납존,33.430191,126.934531,제주특별자치도 서귀포시 성산읍 고성리 45-1
EVS_000176,온평포구 버스정류장_대여반납존,33.402311,126.902901,제주특별자치도 서귀포시 성산읍 온평리 1107-7
EVS_000177,표선 사거리 교차로_대여반납존,33.325522,126.837195,제주특별자치도 서귀포시 표선면 표선리 880-5
EVS_000178,태흥리포구_대여반납존,33.280171,126.73822,제주특별자치도 서귀포시 남원읍 태흥리 1075-7
EVS_000179,남원포구_대여반납존,33.278134,126.718801,제주특별자치도 서귀포시 남원읍 남원리 105-5
EVS_000180,위미항_대여반납존,33.27115,126.662184,제주특별자치도 서귀포시 남원읍 위미리 1757-12
EVS_000181,공천포_대여반납존,33.264812,126.641071,제주특별자치도 서귀포시 남원읍 신례리 58-1
EVS_000182,쇠소깍_대여반납존,33.251908,126.62318,제주특별자치도 서귀포시 하효동 995-5
EVS_000183,하효항_대여반납존,33.250001,126.621541,제주특별자치도 서귀포시 하효동 1365-1
EVS_000184,보목포구 버스정류장(보목항)_대여반납존,33.239442,126.608144,제주특별자치도 서귀포시 보목포로 29-6 
EVS_000185,성산스타벅스DT_대여반납존,33.449775,126.920563,제주특별자치도 서귀포시 성산읍 고성리 238
EVS_000186,판포포구_대여반납존,33.365433,126.199489,제주특별자치도 제주시 한경면 판포리 2877-3
EVS_000187,광치기해변 주차장 입구_대여반납존,33.453381,126.924515,제주특별자치도 서귀포시 성산읍 고성리 224-1
EVS_000188,성산코업시티호텔_대여반납존,33.465582,126.931958,제주특별자치도 서귀포시 성산읍 성산리 400-18
EVS_000189,애월스타벅스DT_대여반납존,33.473016,126.348462,제주특별자치도 제주시 애월읍 고내리 343-1
EVS_000190,고내포구_대여반납존,33.467005,126.33717,제주특별자치도 제주시 애월읍 고내리 1111-2
EVS_000191,한담동 버스정류장_대여반납존,33.462388,126.312577,제주특별자치도 제주시 애월읍 애월리 2482-2
EVS_000192,하귀하나로마트 버스정류장_대여반납존,33.485621,126.412095,제주특별자치도 제주시 애월읍 하귀1리 584
EVS_000193,한라수목원 주차장 입구_대여반납존,33.469777,126.490555,제주특별자치도 제주시 연동 998
EVS_000194,KT-개봉지사존,37.486517,126.857557,서울특별시 구로구 개봉로6길 12-5
EVS_000195,KT-고양지사,37.656395,126.775924,경기도 고양시 일산동구 중앙로 1228 
EVS_000196,성산점_대여반납존,33.460825,126.931466,제주특별자치도 서귀포시 성산읍 성산중앙로 6 
EVS_000197,성산 고성오일시장 입구 버스정류장_대여반납존,33.452349,126.914115,제주특별자치도 서귀포시 성산읍 고성리 1200-2
EVS_000198,봄그리고가을리조트_대여반납존,33.474136,126.91101,제주특별자치도 서귀포시 성산읍 해맞이해안로 2660 
EVS_000199,오르다 카페 입구_대여반납존,33.468621,126.935979,제주특별자치도 서귀포시 성산읍 성산리 308
EVS_000200,옹포리 버스정류장_대여반납존,33.403312,126.252188,제주특별자치도 제주시 한림읍 옹포리 983
EVS_000201,JDC 세미양빌딩 입구_대여반납존,33.442544,126.572101,제주특별자치도 제주시 첨단로 330 세미양빌딩
EVS_000202,혁성테스트존,33.442141,126.571416,제주특별자치도 제주시 첨단로 330
EVS_000203,휘닉스 제주 섭지코지 로비 입구_대여반납존,33.430594,126.927838,제주특별자치도 서귀포시 성산읍 섭지코지로 107 
EVS_000204,순천점_대여반납존,34.964641,127.485325,전라남도 순천시 북문길 170
EVS_000205,연향동_대여반납존,34.950981,127.51758,전남 순천시 연향동 1319-2
EVS_000206,성산직영점,33.460791,126.93141,제주특별자치도 서귀포시 성산읍 성산중앙로 6 
EVS_000207,순천점,34.964686,127.485094,전라남도 순천시 북문길 183 1층
EVS_000208,TTA,37.383806,127.120596,경기도 성남시 분당구 분당로 47 
EVS_000209,TTA_유인,37.384057,127.120312,경기도 성남시 분당구 분당로 43 
EVS_000210,스마트시티1,33.258082,126.426944,제주특별자치도 서귀포시 중문로 80 GS25 중문사거리점
EVS_000211,스마트시티2,33.248692,126.509436,제주특별자치도 서귀포시 일주동로 9209
EVS_000212,티티에이,37.383806,127.120596,경기도 성남시 분당구 분당로 47 
EVS_000213,제주시청 버스정류장_대여반납존,33.499077,126.530483,제주특별자치도 제주시 이도이동 1176-1
EVS_000214,알작지_대여반납존,33.496,126.4397,제주특별자치도 제주시 테우해안로 60 
EVS_000215,제주시 버스터미널_대여반납존,33.499836,126.514605,제주특별자치도 제주시 서광로 174 
EVS_000216,동복리휴게소 버스정류장_대여반납존,33.553447,126.707712,제주특별자치도 제주시 구좌읍 동복리 1759
EVS_000217,제주학생문화원 자전거거치대_대여반납존,33.500465,126.540977,제주특별자치도 제주시 연삼로 489 
EVS_000218,tta2,37.535344,127.092942,서울특별시 광진구 구의강변로 42 
EVS_000219,제주공항 스마트모빌리티존_대여반납존,33.50695,126.494494,제주특별자치도 제주시 용담이동 2002-10
EVS_000220,평대해변_대여반납존,33.534738,126.839822,제주특별자치도 제주시 구좌읍 평대리 1977-3
EVS_000221,여수엑스포공원_대여반납존,34.741353,127.75338,전남 여수시 수정동 332-7
EVS_000222,이순신광장_대여반납존,34.739011,127.735869,전남 여수시 중앙동 385-6
EVS_000223,여수수산물시장_대여반납존,34.736872,127.732441,전라남도 여수시 남산로 60-31 
EVS_000224,돌산공원입구_대여반납존,34.72908,127.7397,전라남도 여수시 돌산읍 진두공원길 18-8 
EVS_000225,여수낭만포차거리_대여반납존,34.737395,127.74329,전남 여수시 종화동 1225-1
EVS_000226,하멜전시관_대여반납존,34.736456,127.748304,전남 여수시 종화동 458-5
EVS_000227,관곶_대여반납존,33.55317,126.6437,제주특별자치도 제주시 조천읍 조함해안로 217-1 
EVS_000228,제주대학교교양동_대여반납존,33.455525,126.564942,제주특별자치도 제주시 아라일동 1
EVS_000229,제주대학교후문_대여반납존,33.449828,126.558144,제주특별자치도 제주시 아라일동 1
EVS_000230,제주대학생회관_대여반납존,33.455133,126.560966,제주특별자치도 제주시 아라일동 1
EVS_000231,제주대자전거거치대_대여반납존,33.45129,126.557824,제주특별자치도 제주시 아라일동 1
EVS_000232,중앙도서관_대여반납존,33.452889,126.560803,제주특별자치도 제주시 아라일동 1
EVS_000233,제2도서관_대여반납존,33.456944,126.559602,제주특별자치도 제주시 제주대학로 102
EVS_000234,해양과학대3호관_대여반납존,33.457327,126.564677,제주특별자치도 제주시 아라일동 1
EVS_000235,전남대학교_대여반납존,34.773461,127.701097,전남 여수시 미평동 753
EVS_000236,오동항화장실_대여반납존,34.741154,127.755229,전남 여수시 수정동 332-40
EVS_000237,오동도_대여반납존,34.744806,127.764015,전남 여수시 수정동 2-8
EVS_000238,NC백화점_대여반납존,34.971859,127.522322,전남 순천시 왕지동 884
EVS_000239,왕운공원_대여반납존,34.97468,127.52593,전남 순천시 왕지동 895
EVS_000240,왕운초교삼거리_대여반납존,34.97306,127.525959,전남 순천시 왕지동 848
EVS_000241,홈플러스 순천점_대여반납존,34.960805,127.519812,전남 순천시 조례동 975-1
EVS_000242,연향패션거리(연향중앙상가길)_대여반납존,34.952902,127.519051,전남 순천시 연향동 1325-2
EVS_000243,버드내공원_대여반납존,34.945963,127.527349,전남 순천시 해룡면 상삼리 697
EVS_000244,종합버스터미널_대여반납존,34.947468,127.490935,전남 순천시 장천동 18-22
EVS_000245,신대사거리_대여반납존,34.933333,127.548513,전남 순천시 해룡면 신대리 2087
EVS_000246,향림초교_대여반납존,34.973209,127.476049,전남 순천시 석현동 850-1
EVS_000247,순천만습지_대여반납존,34.886303,127.508641,전남 순천시 대대동 162-2
EVS_000248,순천만국가정원_대여반납존,34.930263,127.509431,전남 순천시 풍덕동 70
EVS_000249,용연구름다리_대여반납존,33.51494,126.5141,제주특별자치도 제주시 용담일동 2581-4
EVS_000250,비자림_대여반납존,33.491249,126.810719,제주특별자치도 제주시 구좌읍 평대리 3161-1
EVS_000251,제주 장애인기업종합지원센터 버스정류장(중흥S클래스)_대여반납존,33.4762,126.4816,제주특별자치도 제주시 진군남4길 5 
EVS_000252,제주 부영2차 아파트 교차로_대여반납존,33.47646,126.4835,제주특별자치도 제주시 과원로 11 
EVS_000253,제주 부영3차 아파트 교차로_대여반납존,33.47645,126.48708,제주특별자치도 제주시 과원로 27 
EVS_000254,노형근린공원입구_대여반납존,33.47913,126.482578,제주특별자치도 제주시 노형동 731
EVS_000255,제주 연동 대림2차 아파트 교차로,33.479,126.48963,제주특별자치도 제주시 연화로 25 
EVS_000256,제주 연동 근린공원 교차로_대여반납존,33.48205,126.4897,제주특별자치도 제주시 연북로 78 
EVS_000257,제주 신시가지입구 교차로_대여반납존,33.48195,126.4948,제주특별자치도 제주시 신대로22길 4 
EVS_000258,제주시_신제주초등학교_버스정류장_이브이존,33.48435,126.4966,제주특별자치도 제주시 신대로 145 
EVS_000259,제주신용보증기금_대여반납존,33.48435,126.4966,제주특별자치도 제주시 신대로 145 
EVS_000260,신제주초등학교 버스정류장_대여반납존,33.485,126.49625,제주특별자치도 제주시 신대로 136 
EVS_000261,연동주민센터 버스정류장(제스코마트)_대여반납존,33.48731,126.4967,제주특별자치도 제주시 신대로 109 
EVS_000262,연동주민센터 버스정류장(지지지흑돼지)_대여반납존,33.4881,126.49634,제주특별자치도 제주시 신대로 104 
EVS_000263,신제주로터리 버스정류장(공항방면)_대여반납존,33.49142,126.49688,제주특별자치도 제주시 신대로 67 
EVS_000264,퓨어스테이 호텔_대여반납존,33.49115,126.49645,제주특별자치도 제주시 신대로 70 
EVS_000265,롯데시티호텔 제주_대여반납존,33.490477,126.486391,제주특별자치도 제주시 도령로 83
EVS_000266,노형주민센터 교차로_대여반납존,33.48335,126.47595,제주특별자치도 제주시 노형로 376 
EVS_000267,한라대학입구 교차로_대여반납존,33.480623,126.47253,제주특별자치도 제주시 한라대학로 1 
EVS_000268,제주도의회 자전거거치대(전기차 충전소 옆),33.49017,126.49985,제주특별자치도 제주시 문연로 13 
EVS_000269,제주관광공사 자전거거치대(웰컴센터)_대여반납존,33.486,126.49959,제주특별자치도 제주시 선덕로 23 
EVS_000270,노형E-편한세상 아파트_대여반납존,33.4841,126.4697,제주특별자치도 제주시 수덕로 78 
EVS_000271,노형 뜨란채 아파트_대여반납존,33.48655,126.47268,제주특별자치도 제주시 수덕로 44 
EVS_000272,제주 주공1단지 아파트_대여반납존,33.48791,126.47303,제주특별자치도 제주시 정존11길 54 
EVS_000273,제주민속오일시장(전기차충전소 옆)_대여반납존,33.49654,126.4735,제주특별자치도 제주시 오일장동길 51 
EVS_000274,제주민속오일시장 버스정류장_대여반납존,33.49366,126.478066,제주특별자치도 제주시 일주서로 7783 
EVS_000275,제주 장애인기업종합지원센터 버스정류장(시티주유소)_대여반납존,33.4764,126.47975,제주특별자치도 제주시 진군남4길 5 
EVS_000276,탑동 해변공연장_대여반납존,33.518412,126.524718,제주특별자치도 제주시 삼도이동 1264
EVS_000277,제주 관덕정_대여반납존,33.51325,126.521413,제주특별자치도 제주시 관덕로 19 
EVS_000278,제주 영화의거리_대여반납존(남문사거리),33.50965,126.52335,제주특별자치도 제주시 관덕로8길 42 
EVS_000279,제주 삼성혈_대여반납존,33.5055,126.52849,제주특별자치도 제주시 삼성로 22 
EVS_000280,제주지방법원 사거리 자전거거치대_대여반납존,33.49297,126.53557,제주특별자치도 제주시 남광북5길 3 
EVS_000281,제주 해양경찰청 교차로_대여반납존,33.4855,126.54205,제주특별자치도 제주시 구산로 65 
EVS_000282,아라동 주민센터 주차장 입구_대여반납존,33.47615,126.5448,제주특별자치도 제주시 인다8길 5 
EVS_000283,제주아라 스위첸아파트 입구_대여반납존,33.47275,126.54298,제주특별자치도 제주시 아란9길 22 
EVS_000284,아라주공아파트 버스정류장_대여반납존,33.47309,126.54579,제주특별자치도 제주시 인다12길 2 
EVS_000285,아라아이파크 입구_대여반납존,33.475823,126.55005,제주특별자치도 제주시 인다1길 20 
EVS_000286,제주민속자연사박물관(국수거리) 버스정류장_대여반납존,33.5068,126.53055,제주특별자치도 제주시 삼성로 40 
EVS_000287,김만덕 기념관 버스정류장_대여반납존,33.5161,126.5301,제주특별자치도 제주시 산지로 7 
EVS_000288,어영공원 자전거거치대_대여반납존,33.517852,126.487068,제주특별자치도 제주시 용담삼동 2396-2
EVS_000289,신대중흥S클래스 2차아파트 후문_대여반납존,34.930451,127.549531,전라남도 순천시 해룡면 신대로 66 
EVS_000290,신대CGV 앞 자전거거치대_대여반납존,34.926251,127.552921,전라남도 순천시 해룡면 해광로 199 
EVS_000291,신대중흥S클래스 8차아파트 교차로_대여반납존,34.936151,127.549401,전라남도 순천시 해룡면 신대로 147 
EVS_000292,신대중흥S클래스 7차아파트 교차로_대여반납존,34.936551,127.546121,전라남도 순천시 해룡면 좌야로 150 
EVS_000293,순천 금당공원 교차로_대여반납존,34.949571,127.523936,전라남도 순천시 신흥중1길 28 
EVS_000294,순천의료원 자전거거치대_대여반납존,34.957135,127.483101,전라남도 순천시 서문성터길 2 
EVS_000295,순천팔마종합운동장 자전거거치대_대여반납존,34.935871,127.519149,전라남도 순천시 팔마로 333 
EVS_000296,순천 왕지공원(동명교회) 교차로_대여반납존,34.955931,127.534211,전라남도 순천시 연동남길 17 
EVS_000297,제주 용연구름다리_대여반납존,33.514961,126.514111,제주특별자치도 제주시 서해안로 660 
EVS_000298,이중섭거리_대여반납존,33.245595,126.564255,제주특별자치도 서귀포시 이중섭로 29 
EVS_000299,산방산 버스정류장_대여반납존,33.236247,126.312713,제주특별자치도 서귀포시 안덕면 사계리 166-4
EVS_000300,순천대학교(공과대학3호관)_대여반납존,34.970101,127.476651,전라남도 순천시 중앙로 225-12 
EVS_000301,함덕해안 교차로(제주선샤인호텔)_대여반납존,33.544571,126.662671,제주특별자치도 제주시 조천읍 신북로 481-9 
EVS_000302,김녕초등학교 버스정류장_대여반납존,33.555001,126.751111,제주특별자치도 제주시 구좌읍 김녕로 117 
EVS_000303,월정리 버스정류장(소낭게하 앞)_대여반납존,33.551977,126.790694,제주특별자치도 제주시 구좌읍 월정리 893-1
EVS_000304,평대리동동(세화) 버스정류장_대여반납존,33.524474,126.849731,제주특별자치도 제주시 구좌읍 일주동로 3087 
EVS_000305,하도리 버스정류장_대여반납존,33.517911,126.882961,제주특별자치도 제주시 구좌읍 일주동로 3425 
EVS_000306,종달리 버스정류장_대여반납존,33.495111,126.896151,제주특별자치도 제주시 구좌읍 종달로 35 
EVS_000307,성산 환승 정류장(고성리 회전교차로)_대여반납,33.447199,126.913733,제주특별자치도 서귀포시 성산읍 일출로 9 
EVS_000308,신양리입구 버스정류장_대여반납존,33.435658,126.910001,제주특별자치도 서귀포시 성산읍 일주동로 4402 
EVS_000309,온평초등학교 버스정류장_대여반납존,33.408175,126.897801,제주특별자치도 서귀포시 성산읍 일주동로 4731 
EVS_000310,표선 해수욕장 주차장 교차로_대여반납존,33.325401,126.842641,제주특별자치도 서귀포시 표선면 민속해안로 592 
EVS_000311,제주 해비치 리조트 호텔 입구_대여반납존,33.320521,126.844585,제주특별자치도 서귀포시 표선면 민속해안로 537 
EVS_000312,표선 환승 버스정류장(표선면사무소)_대여반납존,33.326721,126.831981,제주특별자치도 서귀포시 표선면 표선중앙로 74 
EVS_000313,표선고등학교 버스정류장_대여반납존,33.331385,126.829889,제주특별자치도 서귀포시 표선면 표선중앙로 31 
EVS_000314,가마리포구_대여반납존,33.304181,126.806145,제주특별자치도 서귀포시 표선면 일주동로6285번길 8 
EVS_000315,남원 환승 버스정류장(남원읍사무소)_대여반납존,33.280431,126.721122,제주특별자치도 서귀포시 남원읍 남원체육관로 342 
EVS_000316,성읍민속마을 주차장 자전거거치대_대여반납존,33.385181,126.800988,제주특별자치도 서귀포시 표선면 성읍정의현로 55 
EVS_000317,성읍 환승 버스정류장(성읍1리사무소)_대여반납,33.389129,126.798561,제주특별자치도 서귀포시 표선면 성읍민속로 138 
EVS_000318,공천포 버스정류장_대여반납존,33.265411,126.640332,제주특별자치도 서귀포시 남원읍 일주동로 7917 
EVS_000319,효돈농협하나로마트 버스정류장_대여반납존,33.260701,126.617175,제주특별자치도 서귀포시 하신상로 1 
EVS_000320,옹포리포구 주차장(옹포어촌계)_대여반납존,33.404499,126.250244,제주특별자치도 제주시 한림읍 옹포1길 33-3 
EVS_000321,오션스타 로비 입구_대여반납존,33.427755,126.926588,제주특별자치도 서귀포시 성산읍 섭지코지로 169 
EVS_000322,휘닉스 섭지코지 해양관광단지 입구_대여반납존,33.430444,126.929001,제주특별자치도 서귀포시 성산읍 섭지코지로 107 
EVS_000323,아쿠아플라넷 제주 자전거거치대_대여반납존,33.432555,126.925777,제주특별자치도 서귀포시 성산읍 섭지코지로 93-15 
EVS_000324,섭지코지 매표소 이륜차량주차장_대여반납존,33.424226,126.928615,제주특별자치도 서귀포시 성산읍 고성리 124-1
EVS_000325,연대포구 방파제 입구_대여반납존,33.494998,126.426005,제주특별자치도 제주시 연대마을길 34-10 
EVS_000326,연대마을 버스정류장_대여반납존,33.492811,126.428607,제주특별자치도 제주시 연대마을길 6 
EVS_000327,외도부영 1차 아파트 입구_대여반납존,33.487744,126.433169,제주특별자치도 제주시 우정로11길 18 
EVS_000328,외도부영 2차아파트(제주은행ATM)_대여반납존,33.485588,126.432644,제주특별자치도 제주시 우정로15길 12 
EVS_000329,월령포구_대여반납존,33.379548,126.216437,제주특별자치도 제주시 한림읍 월령리 330-1
EVS_000330,김재엽 관제교육,34.965842,127.482482,전라남도 순천시 북정3길 28
EVS_000331,순천대학교(사회과학관)_대여반납존,34.967674,127.478185,전남 순천시 석현동 350
EVS_000332,용연 구름다리 교차로_대여반납존,33.514539,126.513951,제주특별자치도 제주시 흥운길 27 
EVS_000333,제주보건소 교차로_대여반납존,33.492431,126.520225,제주특별자치도 제주시 연삼로 264 
EVS_000334,아시아호텔 자전거거치대_대여반납존,33.486178,126.485792,제주특별자치도 제주시 노연로 53 
EVS_000335,마트로 이도센트럴점 주차장_대여반납존,33.490132,126.536875,제주특별자치도 제주시 이도이동 2059
EVS_000336,빛의벙커 입구_대여반납존,33.440055,126.898712,제주특별자치도 서귀포시 성산읍 고성리 2040-1
EVS_000337,성산여객터미널 자전거거치대_대여반납존,33.472755,126.934031,제주특별자치도 서귀포시 성산읍 성산등용로 130-21 
EVS_000338,먹돌새기 교차로_대여반납존,33.504711,126.506944,제주특별자치도 제주시 용해로 147 
EVS_000339,서해안로 버스정류장_대여반납존,33.519737,126.493582,제주특별자치도 제주시 용담삼동 2292-2
EVS_000340,스마트시티3,33.251165,126.413351,제주특별자치도 서귀포시 중문관광로 82 GS25 중문단지점
EVS_000341,성산 고성회전교차로자전거거치대_대여반납존,33.447675,126.914864,제주특별자치도 서귀포시 성산읍 고성리 2747-40
EVS_000342,오조해녀의집 버스정류장_대여반납존,33.468795,126.922455,제주특별자치도 서귀포시 성산읍 오조리 2-5
EVS_000343,신아SB조선소 버스정류장_대여반납존,34.829346,128.425052,경남 통영시 도남동 399-3
EVS_000344,케이블카 하부역사 버스정류장_대여반납존,34.825761,128.425329,경남 통영시 도남동 산 63-21
EVS_000345,케이블카 파크랜드 버스정류장_대여반납존,34.825757,128.423441,경남 통영시 도남동 347-1
EVS_000346,동피랑벽화마을입구 맞은편_대여반납존,34.844396,128.426578,경남 통영시 동호동 379
EVS_000347,세병관입구_대여반납존,34.846449,128.423175,경남 통영시 문화동 118-5
EVS_000348,충렬사입구_대여반납존,34.846187,128.417272,경남 통영시 명정동 1173
EVS_000349,무전동 롯데마트_대여반납존,34.860028,128.427688,경남 통영시 무전동 1038
EVS_000350,수륙마을입구 버스정류장_대여반납존,34.82224,128.439744,경남 통영시 도남동 산 4-3
EVS_000351,한산마리나호텔리조트입구_대여반납존,34.805237,128.43431,경남 통영시 산양읍 영운리 261-18
EVS_000352,해저터널입구_대여반납존,34.83613,128.411382,경남 통영시 당동 406
EVS_000353,문화마당관광안내소_대여반납존,34.844367,128.424396,경남 통영시 중앙동 236
EVS_000354,KC인증1,37.325714,126.945438,경기도 군포시 군포첨단산업2로 48 KC인증 테스트존
EVS_000355,KC인증2,37.293771,126.989259,경기도 수원시 장안구 천천로22번길 34 KC인증 테스트존
EVS_000356,헬멧KC1,37.325714,126.945438,경기도 군포시 군포첨단산업2로 48 KC인증 테스트존
EVS_000357,헬멧KC2,37.293771,126.989259,경기도 수원시 장안구 천천로22번길 34 KC인증 테스트존
EVS_000358,스마트시티4,33.559579,126.817962,제주특별자치도 제주시 구좌읍 해맞이해안로 712-3 신재생에너지홍보관
EVS_000359,드르쿰다in성산 흡연실_대여반납존,33.444775,126.918876,제주특별자치도 서귀포시 성산읍 고성리 372-1
EVS_000360,호텔MCC 자전거거치대_대여반납존,33.460791,126.93141,제주특별자치도 서귀포시 성산읍 성산중앙로 6 
EVS_000361,썬라이즈 호텔 베이커리카페_대여반납존,33.460791,126.93141,제주특별자치도 서귀포시 성산읍 성산중앙로 6 
EVS_000362,힐멧 KC3,37.367924,126.950562,경기도 안양시 동안구 흥안대로 49 뷰로베리타스 안양사옥
EVS_000363,모이세해장국본점_대여반납존,33.481754,126.505185,제주특별자치도 제주시 연북로 221 
EVS_000364,에코아이,37.360023,126.950256,경기도 군포시 농심로 2 
EVS_000365,에코아이 1,37.360023,126.950256,경기도 군포시 농심로 2 
EVS_000366,KCL 인천,37.447494,126.739295,인천광역시 남동구 담방로 85 
EVS_000367,KCL 인천 S,37.447494,126.739295,인천광역시 남동구 담방로 85 
EVS_000368,온더스톤카페_대여반납존,33.470356,126.918294,제주특별자치도 서귀포시 성산읍 오조리 373-2
EVS_000369,온더스톤게스트하우스_대여반납존,33.470195,126.930672,제주특별자치도 서귀포시 성산읍 성산리 358-3
EVS_000370,세화해수욕장 화장실_대여반납존,33.524657,126.861625,제주특별자치도 제주시 구좌읍 세화리 1381-5
EVS_000371,해녀박물관 자전거거치대_대여반납존,33.522585,126.863091,제주특별자치도 제주시 구좌읍 상도리 471-31
EVS_000372,올레길3-B코스_대여반납존,33.388793,126.897555,제주특별자치도 서귀포시 성산읍 신산리 49-5
EVS_000373,성산일출봉농협하나로마트_대여반납존,33.446114,126.912573,제주특별자치도 서귀포시 성산읍 고성리 1093-13
EVS_000374,제주 스테이성산호텔 로비앞_대여반납존,33.43799,126.915959,제주특별자치도 서귀포시 성산읍 신고로 11
EVS_000375,오조리경로당 자전거거치대_대여반납존,33.461261,126.915429,제주특별자치도 서귀포시 성산읍 오조로80번길 1
EVS_000376,오조리상동입구 버스정류장_대여반납존,33.462884,126.910277,제주특별자치도 서귀포시 성산읍 오조리 2210
EVS_000377,리치유클레시아빛의축제조형물_대여반납존,33.460469,126.92966,제주특별자치도 서귀포시 성산읍 성산리 392
EVS_000378,성산일출봉입구 버스정류장_대여반납존,33.463753,126.933713,제주특별자치도 서귀포시 성산읍 성산리 229-6
EVS_000379,CU 성산고성LH점_대여반납존 ,33.450109,126.910154,제주특별자치도 서귀포시 성산읍 고성동서로 33
EVS_000380,GS25 성산신양점_대여반납존,33.43854,126.91926,제주특별자치도 서귀포시 성산읍 섭지코지로26번길 6 
EVS_000381,GS25 제주세화해변점 맞은편_대여반납존,33.524918,126.859381,제주특별자치도 제주시 구좌읍 세화리 산 1-11
EVS_000382,여수베네치아호텔_대여반납존,34.745536,127.751062,전남 여수시 수정동 774-2
EVS_000383,노형다담빌리지입구_대여반납존,33.48391,126.464467,제주특별자치도 제주시 노형동 2973
EVS_000384,제주칼호텔사거리_대여반납존,33.504689,126.526447,제주특별자치도 제주시 중앙로 159
EVS_000385,퍼시픽호텔 사거리_대여반납존,33.51052,126.519875,제주특별자치도 제주시 삼도일동 1227-3
EVS_000386,쏘카 제주공항_대여반납존,33.49388,126.49138,제주특별자치도 제주시 도두이동 162-12
EVS_000387,한일시티파크_대여반납존,33.49146,126.488686,제주특별자치도 제주시 연동 2335-4
EVS_000388,삼화 부영2차아파트 교차로_대여반납존,33.514053,126.573449,제주특별자치도 제주시 화북이동 115
EVS_000389,제주삼화휴먼시아 1단지 교차로_대여반납존,33.517024,126.573522,제주특별자치도 제주시 화북일동 1002-1
EVS_000390,삼화 부영7차아파트 교차로_대여반납존,33.51716,126.58184,제주특별자치도 제주시 도련일동 1909
EVS_000391,이브이트럭4-1,33.249283,126.423474,제주특별자치도 서귀포시 천제연로178번길 26
EVS_000392,대광로제비앙 지에이그린웰 아파트_대여반납존,34.935281,127.494537,전라남도 순천시 오천7길 29 
EVS_000393,오천 골드클래스 아파트_대여반납존,34.933151,127.494176,전라남도 순천시 오천4길 39 
EVS_000394,성산 유채꽃밭쉼터_대여반납존,33.460214,126.928775,제주특별자치도 서귀포시 성산읍 성산리 396-6
EVS_000395,월정카페거리_대여반납존,33.555592,126.796471,제주특별자치도 제주시 구좌읍 월정리 652-4
EVS_000396,스마트시티5,33.248179,126.51622,제주특별자치도 서귀포시 일주동로 9144 GS칼텍스 혁신도시주유소
EVS_000397,스마트시티_무인,33.248179,126.51622,제주특별자치도 서귀포시 일주동로 9144 GS칼텍스 혁신도시 주유소
EVS_000398,스타벅스 함덕점_대여반납존,33.542555,126.66866,제주특별자치도 제주시 조천읍 함덕리 1004-27
EVS_000399,이호테우목마등대_대여반납존,33.502844,126.453884,제주특별자치도 제주시 이호일동 374-3
EVS_000400,도련주공아파트_대여반납존,33.507058,126.589098,제주특별자치도 제주시 도련일동 1618
EVS_000401,고희주_대여반납존,33.488489,126.471017,제주특별자치도 제주시 수덕로 44
EVS_000402,서부두명품횟집거리_대여반납존,33.517782,126.528126,제주특별자치도 제주시 건입동 1444
EVS_000403,조천만세동산_대여반납존,33.492913,126.487689,제주특별자치도 제주시 도령로11길 26-9 
EVS_000404,아쿠아플라넷 제주(조형물)_대여반납존,33.434501,126.924913,제주특별자치도 서귀포시 성산읍 고성리 127-6
EVS_000405,신양해수욕장 공중화장실_대여반납존,33.434803,126.924003,제주특별자치도 서귀포시 성산읍 고성리 186-2
EVS_000406,웅천 해변공원_대여반납존,34.746896,127.671261,전라남도 순천시 북문길 183 
EVS_000407,웅천 비고시티_대여반납존,34.748561,127.677723,전라남도 순천시 북문길 183 
EVS_000408,맥도날드 여수학동DT_대여반납존,34.760934,127.664196,전라남도 순천시 북문길 183 
EVS_000409,설빙 여수 학동점_대여반납존,34.757016,127.663461,전라남도 순천시 북문길 183 
EVS_000410,여수 시민회관_대여반납존,34.746824,127.728566,전라남도 순천시 북문길 183 
EVS_000411,국동어항입구 사거리_대여반납존,34.729929,127.724258,전라남도 순천시 북문길 183 
EVS_000412,여수엑스포역 교차로_대여반납존,34.747689,127.744897,전라남도 순천시 북문길 183 
EVS_000413,여서문화거리_대여반납존,34.753282,127.703924,전라남도 순천시 북문길 183 
EVS_000414,여서동 문화의거리_대여반납존,34.749424,127.699975,전라남도 순천시 북문길 183 
EVS_000415,웅천 부영2차_대여반납존,34.745212,127.686819,전라남도 순천시 북문길 183 
EVS_000416,웅천 부영1차_대여반납존,34.740231,127.683109,전라남도 순천시 북문길 183 
EVS_000417,신동아 아파트앞 사거리_대여반납존,34.766471,127.656448,전라남도 순천시 북문길 183 
EVS_000418,롯데마트 여천점_대여반납존,34.776748,127.652083,인천광역시 강화군 강화읍 북문길 1 
EVS_000419,성산공원_대여반납존,34.775946,127.64575,전라남도 순천시 북문길 183 
EVS_000420,이마트 여수점_대여반납존,34.758226,127.714597,인천광역시 강화군 강화읍 북문길 1 
EVS_000421,롯데마트 여수점_대여반납존,34.728463,127.722328,인천광역시 강화군 강화읍 북문길 1 
EVS_000422,순천만 국가정원 서문_대여반납존,34.928607,127.495809,인천광역시 강화군 강화읍 북문길 1 
EVS_000423,순천 문화의거리_대여반납존,34.954917,127.481046,인천광역시 강화군 강화읍 북문길 1 
EVS_000424,순천 문화예술회관_대여반납존,34.970836,127.485204,전라남도 순천시 북문길 183 
EVS_000425,제주상공회의소 자전거거치대_대여반납존,33.490099,126.51927,제주특별자치도 제주시 도남동 1052
EVS_000426,제주세무서 자전거거치대_대여반납존,33.489989,126.524445,제주특별자치도 제주시 도남동 1058
EVS_000427,장전리 버스정류장_대여반납존,33.452212,126.38556,제주특별자치도 제주시 애월읍 장전리 1174-5
EVS_000428,제주대학 사거리_대여반납존,33.456312,126.551341,제주특별자치도 제주시 아라일동 424-1
EVS_000429,성산일출봉 상가입구_대여반납존,33.462438,126.936136,제주특별자치도 서귀포시 성산읍 성산리 114
EVS_000430,성산일출봉 흡연실_대여반납존,33.461726,126.935182,제주특별자치도 서귀포시 성산읍 성산리 114-3
EVS_000431,스타벅스 서귀포점_대여반납존,33.247778,126.562011,제주특별자치도 서귀포시 중정로 53 
EVS_000432,자구리 공원_대여반납존,33.242485,126.5674,제주특별자치도 서귀포시 서귀동 20-1
EVS_000433,운진항 매표소_대여반납존,33.209787,126.258231,제주특별자치도 서귀포시 대정읍 하모리 646-21
EVS_000434,미니멀테스트,33.460977,126.51201,제주특별자치도 제주시 애조로 1230 
EVS_000435,코델리아S호텔입구_대여반납존,33.454583,126.911374,제주특별자치도 서귀포시 성산읍 오조리 998-1
EVS_000436,성산목화휴게소_대여반납존,33.48174,126.901768,제주특별자치도 서귀포시 성산읍 시흥리 1270-1
EVS_000437,코델리아리조트입구_대여반납존,33.459182,126.910625,제주특별자치도 서귀포시 성산읍 오조리 2210
EVS_000438,제주미주호텔_대여반납존,33.492171,126.496475,제주특별자치도 제주시 연동 300-4
EVS_000439,위미해안로_대여반납존,33.27313,126.658225,제주특별자치도 서귀포시 남원읍 위미리 2919-1
EVS_000440,공천포로_대여반납존,33.268347,126.647359,제주특별자치도 서귀포시 남원읍 신례리 26-8
EVS_000441,신례리복지회관_대여반납존,33.265128,126.640817,제주특별자치도 서귀포시 남원읍 신례리 87-1
EVS_000442,쇠소깍 휴게소_대여반납존,33.251922,126.62321,제주특별자치도 서귀포시 하효동 995-5
EVS_000443,보목포로_대여반납존,33.249917,126.619438,제주특별자치도 서귀포시 하효동 1460
EVS_000444,보목포구_대여반납존,33.240171,126.606375,제주특별자치도 서귀포시 보목동 533-13
EVS_000445,구두미포구_대여반납존,33.237356,126.596708,제주특별자치도 서귀포시 보목동 1376-1
EVS_000446,플레이사계_대여반납존,33.234013,126.311359,제주특별자치도 서귀포시 안덕면 사계리 118
EVS_000447,형제해안로_대여반납존,33.227836,126.303748,제주특별자치도 서귀포시 안덕면 형제해안로 26
EVS_000448,김녕 올레길20코스_대여반납존,33.558324,126.754791,제주특별자치도 제주시 구좌읍 김녕리 1270-8
EVS_000449,동문로터리 택시승차장_대여반납존,33.248372,126.56746,제주특별자치도 서귀포시 서귀동 209-10
EVS_000450,서귀포 중앙로타리_대여반납존,33.252735,126.561464,제주특별자치도 서귀포시 서귀동 336
EVS_000451,동홍주공5단지아파트입구_대여반납존,33.264672,126.562007,제주특별자치도 서귀포시 동홍동 1303-1
EVS_000452,서귀포 휴먼시아아파트_대여반납존,33.26223,126.560363,제주특별자치도 서귀포시 동홍동 1312-1
EVS_000453,스마트시티6,33.556705,126.806035,제주특별자치도 제주시 구좌읍 행원리 1485-14
EVS_000454,서귀포 플러스마트_대여반납존,33.254984,126.574743,제주특별자치도 서귀포시 동홍동 657-5
EVS_000455,동홍사거리_대여반납존,33.25477,126.567474,제주특별자치도 서귀포시 동홍동 447-2
EVS_000456,서귀포시 일주동로_대여반납존,33.254926,126.570127,제주특별자치도 서귀포시 일주동로 8592 
EVS_000457,플러스마트_대여반납존,33.251149,126.572184,제주특별자치도 서귀포시 동홍동 147-1
EVS_000458,스카이리더스호텔_대여반납존,33.482564,126.48969,제주특별자치도 제주시 신광로 106
EVS_000459,함덕서우봉해변인증센터(자전거거치대)-대여반납존,33.544025,126.672581,제주특별자치도 제주시 조천읍 함덕리 270-35
EVS_000460,성산고등학교 버스정류장(칠돈가)_대여반납존,33.468484,126.916922,제주특별자치도 서귀포시 성산읍 오조리 337-1
EVS_000461,이스턴호텔 제주_대여반납존,33.254249,126.520065,제주특별자치도 서귀포시 서호중로 65 
EVS_000462,해거름전망대 자전거거치대_대여반납존,33.369859,126.206524,제주특별자치도 제주시 한경면 판포리 1608-4
EVS_000463,종달리전망대 자전거거치대(수국꽃길)_대여반납존,33.503393,126.912968,제주특별자치도 제주시 구좌읍 종달리 451-5
EVS_000464,모이소_대여반납존,33.487028,126.488535,제주특별자치도 제주시 신광로8길 14 
EVS_000465,김녕 동성동(남)버스정류장_대여반납존,33.555645,126.754684,제주특별자치도 제주시 구좌읍 김녕리 2121
EVS_000466,김녕해수욕장 버스정류장_대여반납존,33.555745,126.760386,제주특별자치도 제주시 구좌읍 김녕리 352-2
EVS_000467,서귀포 이마트 스마트허브_대여반납존,33.248861,126.509289,제주특별자치도 서귀포시 법환동 841-2
EVS_000468,GS25 중문사거리점 스마트허브_대여반납존,33.258119,126.426895,제주특별자치도 서귀포시 중문동 1351-1
EVS_000469,신재생에너지홍보관 스마트허브_대여반납존,33.559999,126.818108,제주특별자치도 제주시 구좌읍 행원리 21
EVS_000470,평대 염나니코지길 자전거거치대_대여반납존,33.53672,126.840511,제주특별자치도 제주시 구좌읍 평대리 2031-30
EVS_000471,바이제주_대여반납존,33.516908,126.504049,제주특별자치도 제주시 용담삼동 1064-3
EVS_000472,한마음병원 버스정류장_대여반납존,33.495928,126.547128,제주특별자치도 제주시 이도이동 1942-1
EVS_000473,수선화아파트 교차로_대여반납존,33.493414,126.548995,제주특별자치도 제주시 이도이동 1956
EVS_000474,일도체육공원 버스정류장_대여반납존,33.503985,126.549501,제주특별자치도 제주시 일도이동 115-13
EVS_000475,도련서마을 버스정류장_대여반납존,33.512231,126.577931,제주특별자치도 제주시 도련일동 2163-5
EVS_000476,주어동포구_대여반납존,33.370753,126.871897,제주특별자치도 서귀포시 성산읍 삼달리 1-18
EVS_000477,JDC 스마트빌딩 주차장_대여반납존,33.453391,126.571126,제주특별자치도 제주시 영평동 2179-1
EVS_000478,일우한란아파트 교차로_대여반납존,33.492836,126.431157,제주특별자치도 제주시 외도일동 424-1
EVS_000479,제주설심당 본점_대여반납존,33.519656,126.492881,제주특별자치도 제주시 용담삼동 2292-26
EVS_000480,퓨어스테이 오션_대여반납존,33.509547,126.481825,제주특별자치도 제주시 서해안로 346-9 
EVS_000481,제주노블레스관광호텔_대여반납존,33.501451,126.503403,제주특별자치도 제주시 용담이동 2761
EVS_000482,덕돌포구_대여반납존,33.291384,126.759418,제주특별자치도 서귀포시 남원읍 태흥리 113-4
EVS_000483,제주항국제여객터미널입구_대여반납존,33.522311,126.544897,제주특별자치도 제주시 건입동 1453-1
EVS_000484,곤을동_대여반납존,33.523098,126.559236,제주특별자치도 제주시 화북일동 5749
EVS_000485,삼양감수탕_대여반납존,33.525395,126.58358,제주특별자치도 제주시 삼양이동 1965-5
EVS_000486,가름선착장_대여반납존,33.529352,126.589126,제주특별자치도 제주시 삼양일동 1938-3
EVS_000487,제주밭담테마공원_대여반납존,33.563567,126.7787,제주특별자치도 제주시 구좌읍 월정리 1400-6
EVS_000488,행원포구_대여반납존,33.556699,126.806055,제주특별자치도 제주시 구좌읍 행원리 1485-14
EVS_000489,큰엉해안경승지 주차장_대여반납존,33.271955,126.70055,제주특별자치도 서귀포시 남원읍 남원리 2379-7
EVS_000490,새연교 주차장_대여반납존,33.240118,126.558756,제주특별자치도 서귀포시 서홍동 707-1
EVS_000491,화순 금모래해변_대여반납존,33.24063,126.333422,제주특별자치도 서귀포시 안덕면 화순리 833-2
EVS_000492,논짓물_대여반납존,33.236586,126.388516,제주특별자치도 서귀포시 하예동 575-3
EVS_000493,만장굴 버스정류장_대여반납존,33.52982,126.771276,제주특별자치도 제주시 구좌읍 김녕리 산 45
EVS_000494,섭지코지버스정류장_대여반납존,33.436862,126.922443,제주특별자치도 서귀포시 성산읍 고성리 186-3
EVS_000495,고성리 제주은행버스정류장_대여반납존,33.448871,126.915497,제주특별자치도 서귀포시 성산읍 고성리 316-7
EVS_000496,용수리포구_대여반납존,33.322767,126.166826,제주특별자치도 제주시 한경면 용수리 4274-1
EVS_000497,성산 도밍고게스트하우스맞은편 가로등_대여반납존,33.464636,126.936152,제주특별자치도 서귀포시 성산읍 성산리 296-16
EVS_000498,성산리 제주세관옛터_대여반납존,33.468381,126.929084,제주특별자치도 서귀포시 성산읍 성산리 363-4
EVS_000499,성산 조끄뜨레마트 입간판_대여반납존,33.445397,126.91393,제주특별자치도 서귀포시 성산읍 고성리 1001
EVS_000500,성산리 취락구조버스정류장_대여반납존,33.465818,126.934818,제주특별자치도 서귀포시 성산읍 성산리 278-3
EVS_000501,신양 해안자전거도로_대여반납존 ,33.426074,126.915559,제주특별자치도 서귀포시 성산읍 고성리 612-1
EVS_000502,온평 혼인지마을종합센터 자전거거치대_대여반납존,33.405175,126.903969,제주특별자치도 서귀포시 성산읍 온평리 1001-4
EVS_000503,환태평양 평화소공원_대여반납존,33.200458,126.277066,제주특별자치도 서귀포시 대정읍 상모리 1683-8
EVS_000504,신도2리포구_대여반납존,33.276285,126.170765,제주특별자치도 서귀포시 대정읍 신도리 3076-3
EVS_000505,노을해안로_대여반납존,33.267871,126.179225,제주특별자치도 서귀포시 대정읍 신도리 3138-34
EVS_000506,노을해안로 CU편의점_대여반납존,33.248622,126.200036,제주특별자치도 서귀포시 대정읍 영락리 2169-19
EVS_000507,제주 공감게스트하우스 입구_대여반납존,33.238546,126.229294,제주특별자치도 서귀포시 대정읍 일과대수로27번길 22
EVS_000508,동일리포구_대여반납존,33.22473,126.241458,제주특별자치도 서귀포시 대정읍 동일리 3101
EVS_000509,산이물_대여반납존,33.22115,126.246317,제주특별자치도 서귀포시 대정읍 동일리 3167-5
EVS_000510,사계해안_대여반납존,33.225048,126.299327,제주특별자치도 서귀포시 안덕면 사계리 2294-35
EVS_000511,플레이사계(산방랜드)_대여반납존,33.23349,126.310798,제주특별자치도 서귀포시 안덕면 사계리 116-3
EVS_000512,두모리방파제_대여반납존,33.357308,126.180788,제주특별자치도 제주시 한경면 두모리 2604-1
EVS_000513,애월항_대여반납존,33.467447,126.320844,제주특별자치도 제주시 애월읍 애월리 1772-25
EVS_000514,귀덕 궤물동산_대여반납존,33.442838,126.2893,제주특별자치도 제주시 한림읍 귀덕리 3025-3
EVS_000515,소금막해변_대여반납존,33.33187,126.842538,제주특별자치도 서귀포시 표선면 표선리 58
EVS_000516,대수포구_대여반납존,33.425775,126.263467,제주특별자치도 제주시 한림읍 수원리 724-5
EVS_000517,자구내포구_대여반납존,33.3093,126.164578,제주특별자치도 제주시 한경면 고산리 3616-21
EVS_000518,중문랜드_대여반납존,33.264195,126.385008,제주특별자치도 서귀포시 상예동 2802-2
EVS_000519,제주 조각공원 버스정류장_대여반납존,33.250582,126.321107,제주특별자치도 서귀포시 안덕면 덕수리 산 27-3
EVS_000520,안덕계곡 입구 공영주차장_대여반납존,33.257877,126.353188,제주특별자치도 서귀포시 안덕면 감산리 346
EVS_000521,대포포구_대여반납존,33.239025,126.438158,제주특별자치도 서귀포시 대포동 2184-9
EVS_000522,도두 오래물광장 버스정류장_대여반납존,33.504712,126.467218,제주특별자치도 제주시 도두일동 2605-6
EVS_000523,사라봉입구_대여반납존,33.51571,126.542493,제주특별자치도 제주시 건입동 697-1
EVS_000524,애월 하나로마트 버스정류장_대여반납존,33.460151,126.321434,제주특별자치도 제주시 애월읍 애월리 1400-1
EVS_000525,오등상동경로당_대여반납존,33.459319,126.54012,제주특별자치도 제주시 오등동 264-7
EVS_000526,협재포구_대여반납존,33.398661,126.24327,제주특별자치도 제주시 한림읍 협재리 1459-7
EVS_000527,유탑마리나호텔_대여반납존,34.744685,127.750402,전라남도 여수시 오동도로 61-15
EVS_000528,마레보리조트 _대여반납존,33.470653,126.354353,제주특별자치도 제주시 애월읍 신엄안3길 135
EVS_000529,스타벅스 순천용당DT점_대여반납존,34.980149,127.485143,전라남도 순천시 중앙로 398 
EVS_000530,애플볼링장_대여반납존,34.973236,127.482444,전라남도 순천시 중앙로 310 
EVS_000531,맥도날드 순천조례DT점_대여반납존,34.957199,127.528719,전라남도 순천시 순광로 75 
EVS_000532,한림해안로_대여반납존,33.436594,126.274376,제주특별자치도 제주시 한림읍 귀덕리 3901-1
EVS_000533,홈플러스 순천풍덕점_대여반납존,34.939831,127.509498,전라남도 순천시 팔마로 222 
EVS_000534,세영더조은아파트_대여반납존,34.934383,127.515021,전라남도 순천시 팔마4길 40 
EVS_000535,제주허브동산_대여반납존,33.330676,126.816103,제주특별자치도 서귀포시 표선면 표선리 2632-3
EVS_000536,세계술박물관_대여반납존,33.353659,126.817986,제주특별자치도 서귀포시 표선면 하천리 2611
EVS_000537,서부도서관 자전거거치대_대여반납존,33.250721,126.431775,제주특별자치도 서귀포시 중문동 1921-1
EVS_000538,해동포구_대여반납존,33.548239,126.684187,제주특별자치도 제주시 조천읍 북촌리 1457-4
EVS_000539,강청수변공원 자전거거치대_대여반납존,34.986984,127.500733,전라남도 순천시 서면 강청길 82 
EVS_000540,순천의봄 아파트_대여반납존,34.977181,127.487522,전라남도 순천시 용당삼산로 63 
EVS_000541,e편한세상순천1단지_대여반납존,34.974178,127.489238,전라남도 순천시 용당삼산로 29 
EVS_000542,기아자동차 맞은편 자전거거치대_대여반납존,34.947555,127.515086,전라남도 순천시 장자보3길 44-1 
EVS_000543,호반1차 버스정류장 자전거거치대_대여반납존,34.940976,127.527387,전라남도 순천시 율산2길 10 
EVS_000544,순천법원주차장 자전거거치대_대여반납존,34.969956,127.524954,전라남도 순천시 왕지로 24 
EVS_000545,철우아파트 자전거거치대(버스정류장 옆),34.940221,127.503215,전라남도 순천시 중앙초등길 163 
EVS_000546,오천 하나로마트 온누리자전거 옆_대여반납존,34.938481,127.493724,전라남도 순천시 오천8길 15 
EVS_000547,순천우체국_대여반납존,34.944315,127.524728,전라남도 순천시 하대석길 9 
EVS_000548,조례현대5차아파트(장천세탁 옆)_대여반납존,34.954752,127.514146,전라남도 순천시 봉화1길 41 
용담해안도로점,용담해안도로점,33.51752695,126.4990672,제주시 어영길 60
애월점,애월점,33.48467084,126.3936406,제주특별자치도 제주시 애월읍
월정점,월정점,33.54518344,126.8279955,제주특별자치도 제주시 구좌읍
세화점,세화점,33.52412651,126.8601286,제주특별자치도 제주시 구좌읍
곽지점,곽지점,33.45090972,126.3078547,제주특별자치도 제주시 애월읍
성산점_,성산점_,33.46973502,126.9222935,제주특별자치도 서귀포시 성산읍
서귀포점,서귀포점,33.24424334,126.5355688,제주특별자치도 서귀포시
월령점,월령점,33.37942522,126.2163892,제주 제주시 한림읍
이호해변점,이호해변점,33.49574669,126.4576038,제주특별자치도 제주시 일주서로
이호현사점,이호현사점,33.49741487,126.4490748,제주특별자치도 제주시 이호동
북촌점,북촌점,33.55110384,126.6959989,제주특별자치도 제주시 조천읍
서귀포올레점,서귀포올레점,33.24620428,126.5600922,제주특별자치도 서귀포시 태평로
토산점,토산점,33.30601115,126.7928945, 서귀포시 표선면
제주본점,제주본점,33.46087191,126.5119829,제주특별자치도 애조로
조천점,조천점,33.53714229,126.6385115,제주 제주시 조천읍
함덕점,함덕점,33.54286903,126.6681755,제주시 조천읍 (제주시 조천읍 함덕리 산14-6(스타벅스맞은편))
성산점,성산점,33.46078499,126.9314315,제주특별자치도 서귀포시 성산읍
월정해변점,월정해변점,33.55619522,126.7951489,제주시 구좌읍 월정리 554-7 공영주차장
순천점,순천점,34.96468657,127.4850953,전라남도 순천시 매곡동
제주공항 스마트모빌리티존,제주공항 스마트모빌리티존,33.506939,126.49452,제주공항 도착 1번출구 좌측
플레이스캠프점,플레이스캠프점,33.44986322,126.9181684,서귀포시 성산읍
